Time	Price	% Diff	Action	Trade
00:00:59	8910.1906490329	0	H
00:01:59	8934.3633475693	0.2712927196347246	H
00:02:59	8943.1348984373	0.09817768235702883	H
00:03:59	8951.7002008475	0.09577516729280293	H
00:04:59	8961.4627040896	0.10905753122938451	S
00:05:59	8958.1319348098	-0.03716769672297922	H
00:06:59	8948.4398734527	-0.10819288471783245	B
00:07:59	8970.5620223531	0.24721794204629818	S
00:08:59	8963.9361756177	-0.07386211386632825	H
00:09:59	8959.4485339098	-0.05006329384749367	B
00:10:59	8975.3263459449	0.17721863097943125	H
00:11:59	8980.9911839455	0.06311567716040153	S
00:12:59	8978.6607453297	-0.02594856812648513	H
00:13:59	8974.4935972186	-0.04641168910706702	H
00:14:59	8968.3116678812	-0.0688833221666693	H
00:15:59	8964.0675191808	-0.04732383148100958	B
00:16:59	8973.8699244075	0.10935220206367885	H
00:17:59	8974.8503196376	0.010924999340967939	H
00:18:59	8979.731614105	0.054388589152495566	S
00:19:59	8973.4045410928	-0.07045948903708919	B
00:20:59	8977.6448624737	0.04725432093786731	S
00:21:59	8976.7464416917	-0.010007310333210442	H
00:22:59	8975.7947873326	-0.010601328279475224	B
00:23:59	8977.0100472807	0.013539301832262535	H
00:24:59	8991.6848672675	0.16347113247628642	S
00:25:59	8985.161012436	-0.07255430909561623	H
00:26:59	8982.6776212277	-0.027638805858485414	H
00:27:59	8981.6858068557	-0.011041411189651875	H
00:28:59	8973.306756849	-0.0932903932166407	H
00:29:59	8970.5455494272	-0.030771347694024204	H
00:30:59	8969.0368890869	-0.016817933000697127	H
00:31:59	8951.3337282163	-0.19738084578669263	B
00:32:59	8962.8469944028	0.12862067861696316	H
00:33:59	8972.0624931366	0.1028188781929992	S
00:34:59	8971.6017100394	-0.005135754432745559	B
00:35:59	8972.7946094813	0.01329639322446315	H
00:36:59	8973.0441140171	0.00278067811267303	S
00:37:59	8967.4928821918	-0.06186564731837938	H
00:38:59	8961.2114556521	-0.07004662977960129	B
00:39:59	8966.8364242238	0.0627701801206057	H
00:40:59	8967.0105574238	0.001941969182461312	H
00:41:59	8971.279484559	0.04760702697807065	H
00:42:59	8971.3392758366	0.0006664743608090401	S
00:43:59	8969.7744101143	-0.017442944405366246	B
00:44:59	8971.7707586456	0.022256396203777673	S
00:45:59	8954.7357281492	-0.18987367103627528	H
00:46:59	8951.8575132981	-0.03214181789924094	H
00:47:59	8951.3238987513	-0.005960936554320704	H
00:48:59	8950.953544373	-0.004137425731529132	H
00:49:59	8944.4093874505	-0.07311128239085073	B
00:50:59	8947.6449363771	0.036173980711803	H
00:51:59	8950.4070049885	0.030869224595283042	H
00:52:59	8956.0226059796	0.06274129196550693	H
00:53:59	8959.1748072063	0.035196441158991836	H
00:54:59	8963.0367664299	0.04310619344644055	S
00:55:59	8962.8723642528	-0.0018342240624819788	H
00:56:59	8955.7143314937	-0.07986315623157668	B
00:57:59	8957.6947195978	0.022113122759338716	S
00:58:59	8957.1775637141	-0.005773314450733828	H
00:59:59	8955.1191970404	-0.022980081159033282	B
01:00:59	8955.8936243992	0.008647873263993263	H
01:01:59	8959.2946406126	0.037975174293432425	S
01:02:59	8952.9689183782	-0.07060513676741288	B
01:03:59	8954.8683740643	0.021215930753436675	H
01:04:59	8965.9544452592	0.12379937629244259	H
01:05:59	8972.1307466987	0.06888615681920901	H
01:06:59	8976.2056027171	0.045416814951114194	H
01:07:59	8978.5877868656	0.026538876825408723	S
01:08:59	8974.2201135227	-0.04864543786373006	B
01:09:59	8975.1449717782	0.010305722879535689	S
01:10:59	8974.4271446175	-0.00799794502435538	H
01:11:59	8972.5493819848	-0.020923481827218184	H
01:12:59	8970.2928079371	-0.0251497534494605	H
01:13:59	8967.7714360324	-0.028108022320829838	B
01:14:59	8969.9925714667	0.02476797552372233	H
01:15:59	8970.393684703	0.004471723171491605	H
01:16:59	8971.0902029631	0.007764634246627561	H
01:17:59	8971.7108667775	0.006918488169859756	H
01:18:59	8972.8414971893	0.012602171743935965	H
01:19:59	8974.2716268907	0.01593842599190884	H
01:20:59	8978.3201402786	0.04511244540189944	S
01:21:59	8978.0689053523	-0.002798239786222799	H
01:22:59	8977.6670764177	-0.00447567220564397	H
01:23:59	8974.8029355838	-0.031902952175877075	H
01:24:59	8973.3478906073	-0.016212556274991193	H
01:25:59	8970.2713866039	-0.034284907271014624	H
01:26:59	8969.2770505513	-0.011084793422018367	B
01:27:59	8972.194741286	0.03252983176076178	S
01:28:59	8972.1893263814	-6.035206275666965e-05	H
01:29:59	8971.4455042143	-0.008290308419071218	B
01:30:59	8971.6614402545	0.0024069258415351413	H
01:31:59	8971.8632501217	0.0022494146546169127	S
01:32:59	8971.0123031925	-0.009484617692860485	H
01:33:59	8970.2633577861	-0.008348504952259092	H
01:34:59	8966.6132952861	-0.04069069495970538	H
01:35:59	8966.2511382666	-0.004038949908672289	B
01:36:59	8966.6330862118	0.004259839918708093	S
01:37:59	8966.0053666769	-0.007000615826074438	H
01:38:59	8964.7809133977	-0.013656619967572553	H
01:39:59	8954.105527602	-0.11908139082068181	H
01:40:59	8950.7080856707	-0.037942839972423	H
01:41:59	8949.7499029337	-0.010705105426622164	H
01:42:59	8949.2155164628	-0.005970965409035228	H
01:43:59	8947.4542728995	-0.019680424055718227	B
01:44:59	8948.8910457766	0.01605789572405191	H
01:45:59	8960.5190433563	0.12993786068261945	H
01:46:59	8971.0870600582	0.11793978284924848	H
01:47:59	8972.1650083114	0.01201580417159389	H
01:48:59	8972.2818744398	0.0013025410064445397	S
01:49:59	8971.2220774928	-0.01181189982471617	B
01:50:59	8971.611696295	0.00434298469969149	H
01:51:59	8973.4996006011	0.02104308980381145	H
01:52:59	8973.765044194	0.0029580832976472985	H
01:53:59	8976.3202675016	0.02847437274115854	H
01:54:59	8978.7233409873	0.026771253855556128	H
01:55:59	8985.127284912	0.07132354658334757	H
01:56:59	9061.339813805	0.8482075598525765	S
01:57:59	9060.0680701359	-0.014034830336707212	B
01:58:59	9064.9329317119	0.05369564045591361	S
01:59:59	9058.9774858412	-0.06569762750110095	B
02:00:59	9068.0319097409	0.09994973399426937	H
02:01:59	9071.7072829382	0.04053110127846226	S
02:02:59	9067.3675027043	-0.04783862726768738	H
02:03:59	9056.7667411615	-0.11691112706788644	H
02:04:59	9046.2712941158	-0.11588514252000724	H
02:05:59	9044.1475379747	-0.023476591316482897	B
02:06:59	9054.0160656837	0.10911506770055258	H
02:07:59	9054.5164832309	0.005527022964947934	H
02:08:59	9056.5927729105	0.022930983487034005	S
02:09:59	9055.1664341304	-0.01574917649346638	H
02:10:59	9043.1457042644	-0.13274996051638102	H
02:11:59	9040.8852859699	-0.024995929164712674	B
02:12:59	9049.3475429099	0.0935998707242975	H
02:13:59	9052.4838477401	0.0346578006351214	H
02:14:59	9057.8760703596	0.05956622193637182	S
02:15:59	9055.8022533855	-0.02289517937749281	H
02:16:59	9051.2631762344	-0.05012341285833991	H
02:17:59	9047.4806955798	-0.04178953347122774	H
02:18:59	9042.0399018453	-0.06013600821670408	B
02:19:59	9044.3310710406	0.025339074148875797	H
02:20:59	9051.4787101033	0.07902894096375752	H
02:21:59	9052.1063301934	0.006933895667221166	H
02:22:59	9052.1332600588	0.0002974983326301555	S
02:23:59	9021.9167269007	-0.3338056598373997	H
02:24:59	9004.9169014816	-0.18842809054545034	B
02:25:59	9014.4259427981	0.10559832389941673	H
02:26:59	9016.9590440697	0.02810052783919573	S
02:27:59	9003.6503255914	-0.1475965279786068	H
02:28:59	8984.2748144217	-0.21519617565141833	B
02:29:59	8992.6553145979	0.09327965082665143	H
02:30:59	9008.0150324286	0.17080291964229144	S
02:31:59	9000.3056972867	-0.0855830625742447	B
02:32:59	9007.4597974449	0.07948730186306471	S
02:33:59	9007.090454706	-0.004100409518402854	B
02:34:59	9007.8688535735	0.008642067839935782	S
02:35:59	8996.0855191735	-0.13081156699261443	H
02:36:59	8994.4065311601	-0.01866353993436038	B
02:37:59	9001.7919191244	0.08211089790875539	H
02:38:59	9003.4276964308	0.018171685383261874	H
02:39:59	9006.2558691428	0.0314121777545042	H
02:40:59	9007.9789225315	0.019131739245862128	H
02:41:59	9008.8362095795	0.009516974399839008	S
02:42:59	9005.5193665992	-0.036817663271243785	H
02:43:59	9003.3880148961	-0.023667171390519142	H
02:44:59	9001.3456485311	-0.02268442014962382	B
02:45:59	9002.126275694	0.00867233848560275	H
02:46:59	9003.3221577468	0.013284439877595415	H
02:47:59	9010.1561571325	0.07590530768490278	H
02:48:59	9012.351817806	0.024368730521525342	H
02:49:59	9013.5079031505	0.01282778755057939	S
02:50:59	9008.9324220367	-0.05076249073016508	H
02:51:59	9006.0242592029	-0.032280881879914604	H
02:52:59	8988.8367114447	-0.19084500844685534	H
02:53:59	8983.2072825534	-0.06262689013064483	B
02:54:59	8984.5267567272	0.014688230297917054	S
02:55:59	8974.6173619428	-0.11029400938654371	B
02:56:59	8976.5814464623	0.021884883113007174	H
02:57:59	8980.8684090942	0.04775718526555769	H
02:58:59	8986.5669938819	0.06345249176491738	S
02:59:59	8972.3373263325	-0.1583437541731734	B
03:00:59	8978.7440934875	0.07140577668872523	S
03:01:59	8958.4353853766	-0.22618651227212505	B
03:02:59	8964.0266796657	0.06241373687001311	S
03:03:59	8955.9789987229	-0.08977752108944188	B
03:04:59	8957.7653640124	0.019946063850260504	H
03:05:59	8976.1787655299	0.20555797980011872	H
03:06:59	8979.0285775728	0.031748610598588196	H
03:07:59	8982.4147792113	0.03771233835870629	S
03:08:59	8979.4528272114	-0.03297500808752104	H
03:09:59	8978.2128280626	-0.013809295206077031	H
03:10:59	8978.2057468345	-7.887124349382247e-05	B
03:11:59	8978.6769267132	0.005248040554954725	S
03:12:59	8976.8955097627	-0.019840528454698577	B
03:13:59	8979.1227459524	0.024810762108985192	H
03:14:59	8993.5077734241	0.1602052659118071	H
03:15:59	8996.456349544	0.032785607064380835	H
03:16:59	8998.445902377	0.02211485006650066	H
03:17:59	9005.8467163582	0.08224546840078582	H
03:18:59	9007.2555951171	0.01564404551034443	S
03:19:59	9002.0704109278	-0.05756674865661934	H
03:20:59	9001.2387925358	-0.009238079175543172	H
03:21:59	8995.4855174315	-0.06391648124112459	H
03:22:59	8992.9121369769	-0.028607465929583433	B
03:23:59	8995.4603261099	0.028335527960097053	H
03:24:59	9000.3578202702	0.05444406381387603	H
03:25:59	9001.2627733157	0.01005463408869391	H
03:26:59	9001.3000424454	0.00041404334745414375	S
03:27:59	9000.2398947659	-0.011777717379721884	H
03:28:59	8993.7485288258	-0.07212436575025004	H
03:29:59	8985.2684468889	-0.0942886262576705	B
03:30:59	8997.138289331	0.13210337022495802	H
03:31:59	9002.6541886601	0.06130726406241327	H
03:32:59	9011.8610676621	0.10226849559095143	H
03:33:59	9015.7662411262	0.043333706931133455	H
03:34:59	9017.3298400806	0.0173429402735224	S
03:35:59	9004.10338676	-0.14667815811517002	B
03:36:59	9022.4548337644	0.20381204231155262	H
03:37:59	9038.5898260753	0.1788315110264627	S
03:38:59	9037.0049274007	-0.01753480028519747	H
03:39:59	9027.4895771702	-0.10529318404650992	H
03:40:59	9024.1265661162	-0.03725300400794242	H
03:41:59	9023.8425239132	-0.0031475866491819356	H
03:42:59	9022.63510591	-0.013380308887260653	H
03:43:59	9022.1537680028	-0.00533478192955989	B
03:44:59	9028.6310392491	0.07179296000553376	S
03:45:59	9024.4760759882	-0.04601985885609846	H
03:46:59	9018.0245718088	-0.07148896096654503	B
03:47:59	9019.013786584	0.01096930671814953	S
03:48:59	9013.6605767439	-0.0593547140161164	H
03:49:59	9008.5972565204	-0.05617385057258743	B
03:50:59	9013.5625188512	0.055116930965109806	H
03:51:59	9013.912481281	0.0038826205406377666	S
03:52:59	9009.1688267622	-0.05262592163671623	B
03:53:59	9010.1669024952	0.01107844410725748	H
03:54:59	9011.3430006472	0.01305301183349249	H
03:55:59	9011.6062188163	0.0029209649336381835	H
03:56:59	9012.5085050178	0.01001249033293142	S
03:57:59	9012.4079609586	-0.0011156057067112956	B
03:58:59	9014.2518255271	0.02045917779673996	S
03:59:59	9012.85109227	-0.015539096135891389	H
04:00:59	9009.4677508276	-0.03753908067229111	H
04:01:59	9007.6951144587	-0.019675261823729893	H
04:02:59	8998.6755494899	-0.10013177460149193	B
04:03:59	9001.2468864008	0.028574615194850578	H
04:04:59	9003.0835792336	0.020404871191506795	S
04:05:59	9001.0879621887	-0.022165928232672334	H
04:06:59	8995.0685643052	-0.06687411464909045	B
04:07:59	8998.06486536	0.03331048599996254	H
04:08:59	9002.0893453318	0.04472606090330994	H
04:09:59	9009.0456915909	0.0772747969081962	S
04:10:59	9002.8201536642	-0.06910318961431994	H
04:11:59	8993.9326948191	-0.0987186092069456	B
04:12:59	8997.4818217304	0.039461346128877514	H
04:13:59	9000.1061122902	0.02916694483851135	S
04:14:59	8999.7645564768	-0.003795019849065521	H
04:15:59	8994.9214575838	-0.053813617707542095	B
04:16:59	8998.1009315949	0.03534743495085526	H
04:17:59	8998.4086327579	0.003419623377648025	S
04:18:59	8988.7394880227	-0.10745394135581714	B
04:19:59	8993.6814655442	0.054979650128744846	H
04:20:59	8999.3562682456	0.06309766165436083	S
04:21:59	8997.444618046	-0.021242077128836752	B
04:22:59	8997.9427939143	0.005536859513438913	S
04:23:59	8984.9771193393	-0.14409598807150803	H
04:24:59	8970.6961173477	-0.15894310916900342	B
04:25:59	8977.6592861953	0.07762127661569838	H
04:26:59	8979.1187493956	0.016256611593013615	H
04:27:59	8989.4475733147	0.11503159950740206	H
04:28:59	8992.4656830908	0.03357391821340372	S
04:29:59	8989.3019635571	-0.035181891654584685	H
04:30:59	8985.1375817573	-0.046325975216782785	H
04:31:59	8985.0948261171	-0.00047584847546243143	B
04:32:59	8989.9623900801	0.05417376285057616	S
04:33:59	8989.7278746413	-0.0026086364839428716	B
04:34:59	8989.9793576102	0.002797448069703446	S
04:35:59	8989.3655369888	-0.006827831266157443	H
04:36:59	8985.9482605297	-0.03801465681909536	B
04:37:59	8986.6762035513	0.008100903772146324	S
04:38:59	8985.1726346973	-0.016731089670359866	B
04:39:59	8985.9639887511	0.008807332768935437	S
04:40:59	8983.302554381	-0.029617683460917348	H
04:41:59	8977.0331031915	-0.06979004827621121	H
04:42:59	8975.1008615077	-0.021524279364767168	H
04:43:59	8973.9953726126	-0.01231728659275002	H
04:44:59	8970.9196655411	-0.03427355312537196	B
04:45:59	8979.4570382718	0.0951671963298614	S
04:46:59	8974.1306247654	-0.05931776814230617	B
04:47:59	8975.0234551161	0.009948934197994962	H
04:48:59	8977.8943454268	0.03198755217807694	S
04:49:59	8972.0734356669	-0.06483602430523483	H
04:50:59	8968.0651547424	-0.04467507932520194	B
04:51:59	8968.1781453737	0.0012599220606705531	S
04:52:59	8962.4909702513	-0.06341505521201651	B
04:53:59	8971.395879241	0.09935752258225314	H
04:54:59	8977.8710824108	0.07217609452263546	S
04:55:59	8976.8729503521	-0.01111769204009762	B
04:56:59	8981.0987732938	0.04707455441410335	H
04:57:59	8981.3332305805	0.002610563502515664	S
04:58:59	8979.9801501712	-0.015065473850716923	B
04:59:59	8982.031567857	0.022844345438341494	H
05:00:59	8982.7067821587	0.007517389541543078	H
05:01:59	8984.5710947843	0.020754463780362224	H
05:02:59	8985.2773540065	0.00786080064090055	S
05:03:59	8982.9617402054	-0.025771200040578233	H
05:04:59	8982.2967232896	-0.007403091931493932	B
05:05:59	8982.8046823141	0.005655112942122908	H
05:06:59	8983.4174022767	0.00682103178539672	S
05:07:59	8983.0530240267	-0.004056120668599393	B
05:08:59	8989.2388405519	0.06886095972777498	S
05:09:59	8987.3556193846	-0.020949728900341007	B
05:10:59	8988.8870020434	0.01703930192211148	H
05:11:59	8989.0623265992	0.001950459002982807	H
05:12:59	8989.3112197023	0.0027688438911340264	S
05:13:59	8987.5288664876	-0.019827472551990428	H
05:14:59	8983.5729706088	-0.04401538996498618	H
05:15:59	8972.6683640682	-0.12138384778836038	H
05:16:59	8972.2751313737	-0.004382561335648325	H
05:17:59	8971.4789933449	-0.008873312701008157	H
05:18:59	8968.369539299	-0.034659324824886185	B
05:19:59	8969.4366779724	0.011898915056131191	H
05:20:59	8971.7002395859	0.025236385458390884	H
05:21:59	8972.0039910192	0.0033856618610671645	S
05:22:59	8965.4655901998	-0.07287558973386817	H
05:23:59	8965.3102826549	-0.001732286442200561	H
05:24:59	8961.878520389	-0.038278231959683884	B
05:25:59	8962.8512073801	0.01085360607027019	H
05:26:59	8965.8266116751	0.03319707341064409	S
05:27:59	8965.0084725755	-0.00912508277300707	H
05:28:59	8964.9169175314	-0.0010212488296082727	B
05:29:59	8967.3010578486	0.026594115027845994	S
05:30:59	8961.3754830264	-0.06607980242853788	H
05:31:59	8957.2969343027	-0.045512530207287044	H
05:32:59	8952.7161409575	-0.05114035382322971	B
05:33:59	8961.3373084329	0.09629666952087065	S
05:34:59	8958.6854011549	-0.02959276262822674	B
05:35:59	8960.2790414489	0.01778877393992579	H
05:36:59	8961.0275337235	0.008353448270265802	H
05:37:59	8963.8023757574	0.03096566798234574	H
05:38:59	8965.8453287351	0.022791142553815105	S
05:39:59	8963.865407258	-0.02208293144156149	B
05:40:59	8968.2139774722	0.048512221197337994	S
05:41:59	8967.6962840897	-0.005772536023347973	H
05:42:59	8967.1367957244	-0.0062389307975557	H
05:43:59	8962.9442041694	-0.046755075232030534	H
05:44:59	8959.0636695375	-0.04329531171348016	H
05:45:59	8954.5790194287	-0.05005712956419983	B
05:46:59	8957.7884105115	0.035840781301246245	S
05:47:59	8957.0566724589	-0.008168735619402049	B
05:48:59	8957.9859291402	0.010374576328822117	H
05:49:59	8965.0225938835	0.07855186198058448	H
05:50:59	8969.5444639399	0.050439025769831065	H
05:51:59	8984.2647193273	0.16411374564874334	H
05:52:59	8985.321034126	0.011757387295447185	S
05:53:59	8983.3805975251	-0.021595629065790302	H
05:54:59	8980.9530885558	-0.027022221122067112	H
05:55:59	8975.4504827407	-0.0612697311837824	H
05:56:59	8971.5167746531	-0.04382741674263232	H
05:57:59	8966.2738147002	-0.05844006186014427	B
05:58:59	8970.2101841449	0.04390195443559287	H
05:59:59	8975.5027801937	0.059001917905491016	S
06:00:59	8975.1103695937	-0.0043720180318525285	H
06:01:59	8975.0147028679	-0.0010659114134549074	H
06:02:59	8974.3617026035	-0.007275757043504237	H
06:03:59	8974.1865372538	-0.0019518418747314112	H
06:04:59	8973.5586471603	-0.006996624049354636	B
06:05:59	8975.4006040926	0.020526493498568398	H
06:06:59	8976.9823208772	0.01762279874035503	S
06:07:59	8975.2472956964	-0.01932748799967204	B
06:08:59	8976.523512144	0.014219290071402123	S
06:09:59	8976.2642811383	-0.0028878775324323353	H
06:10:59	8975.1297830275	-0.012638867075064246	H
06:11:59	8967.9087223187	-0.08045633749447778	H
06:12:59	8966.725462676	-0.013194376518959511	B
06:13:59	8968.2284162917	0.01676145457955555	S
06:14:59	8966.1614743824	-0.023047382530380377	H
06:15:59	8962.7407977614	-0.038150959368425774	B
06:16:59	8965.4645989546	0.0303902707292476	S
06:17:59	8964.6279013652	-0.009332450986400218	H
06:18:59	8961.5556890086	-0.03427038344928301	B
06:19:59	8963.9365215979	0.02656717953802194	H
06:20:59	8965.2013526415	0.014110218658423776	S
06:21:59	8963.9765513769	-0.013661726228142294	H
06:22:59	8963.1245722553	-0.009504477356865826	B
06:23:59	8965.2929178206	0.024191849034566257	S
06:24:59	8962.5036856411	-0.031111445047764377	B
06:25:59	8964.3376980819	0.02046317084072137	H
06:26:59	8965.8461745877	0.016827528776863897	H
06:27:59	8967.9780050013	0.023777236103409826	H
06:28:59	8968.1704223812	0.002145604948991532	H
06:29:59	8968.7656218792	0.006636799591978267	H
06:30:59	8969.1350474436	0.004119023508644655	S
06:31:59	8967.2976281542	-0.0204860254604419	B
06:32:59	8968.2327110859	0.010427700411828136	H
06:33:59	8968.3131404254	0.0008968248493378085	H
06:34:59	8969.8569890673	0.017214481895616154	H
06:35:59	8970.931705246	0.011981419324838751	S
06:36:59	8969.4398786372	-0.016629561541823882	B
06:37:59	8970.1706516201	0.008147364749492361	S
06:38:59	8969.6681873111	-0.005601502229049689	H
06:39:59	8968.3925870503	-0.014221264757630364	B
06:40:59	8969.460354647	0.01190589714194382	H
06:41:59	8972.0937447175	0.02935951513666157	H
06:42:59	8972.9446351392	0.009483744217459147	H
06:43:59	8972.9485897583	4.407270144771469e-05	H
06:44:59	8977.2088446522	0.04747887331887808	H
06:45:59	8977.8154554979	0.006757232188724193	H
06:46:59	8980.7502607671	0.03268952546137557	S
06:47:59	8980.1649639621	-0.006517237290933551	H
06:48:59	8979.6922662933	-0.005263797165160912	B
06:49:59	8980.7992787233	0.012327955092133193	H
06:50:59	8981.1272500196	0.0036519165624427823	H
06:51:59	8981.6420167795	0.005731649775924576	S
06:52:59	8981.0914246957	-0.0061301940421564635	H
06:53:59	8981.0550630012	-0.000404869439360802	B
06:54:59	8981.8407607995	0.00874839083813242	H
06:55:59	8982.0349620321	0.002162154036925877	H
06:56:59	8982.9724739656	0.010437633982309591	H
06:57:59	8983.4801761584	0.005651828437328001	S
06:58:59	8982.9847820686	-0.005514500840266697	B
06:59:59	8983.7542897296	0.008566280358571472	S
07:00:59	8983.60483159	-0.0016636490133183175	B
07:01:59	8984.9620807143	0.015108067972077043	H
07:02:59	8985.631120105	0.007446212735113354	H
07:03:59	8987.7599440624	0.023691423884932988	S
07:04:59	8987.7339429138	-0.0002892950942451015	B
07:05:59	8988.7425159807	0.01122166135877642	S
07:06:59	8988.2252618758	-0.005754465699532898	H
07:07:59	8982.3753965266	-0.06508365309903202	H
07:08:59	8979.3299661575	-0.03390451005062645	H
07:09:59	8978.6062730328	-0.008059544837179189	H
07:10:59	8978.5356373208	-0.000786711320797513	B
07:11:59	8978.7780080885	0.002699446518798922	S
07:12:59	8977.8140572368	-0.01073588021479966	H
07:13:59	8977.4983125202	-0.0035169442649015067	H
07:14:59	8974.450682434	-0.0339474314570343	H
07:15:59	8972.6577280462	-0.019978430449334582	H
07:16:59	8972.5588300325	-0.0011022153825358664	B
07:17:59	8972.9330207663	0.00417039041915574	H
07:18:59	8973.2472942025	0.003502460516218519	H
07:19:59	8974.2870704413	0.011587513468752529	H
07:20:59	8974.4295110984	0.0015872086103598056	H
07:21:59	8974.7628881928	0.0037147441404139846	S
07:22:59	8973.4323512412	-0.01482531592395167	B
07:23:59	8973.7515006238	0.0035566032049872643	H
07:24:59	8974.7017937285	0.010589697125366428	H
07:25:59	8975.1453356367	0.004942135331004288	S
07:26:59	8975.0961474396	-0.0005480490316293484	B
07:27:59	8975.291214956	0.0021734309381696176	S
07:28:59	8974.800451522	-0.005467938836145626	B
07:29:59	8975.7090407919	0.010123782415087787	S
07:30:59	8975.0156017185	-0.007725730304413488	B
07:31:59	8975.1952295646	0.0020014209899115397	S
07:32:59	8974.9214458779	-0.0030504482598675805	H
07:33:59	8973.960345758	-0.010708730162116042	B
07:34:59	8974.407465996	0.004982418249845384	S
07:35:59	8973.9676403448	-0.0049008879178688465	H
07:36:59	8973.9098187931	-0.000644325386686991	H
07:37:59	8972.6800055078	-0.013704319634724304	H
07:38:59	8971.9254532373	-0.00840944143820186	B
07:39:59	8972.1640936366	0.00265985713484039	H
07:40:59	8973.4295426101	0.014104166623491564	S
07:41:59	8973.3537015224	-0.0008451739364585243	B
07:42:59	8974.1496709915	0.008870367708414855	H
07:43:59	8974.3993466663	0.002782165263030698	H
07:44:59	8975.4664603595	0.011890641946929214	H
07:45:59	8976.0586701081	0.006598094385573341	S
07:46:59	8967.3772078228	-0.0967179761670977	H
07:47:59	8950.9153006682	-0.1835754956336372	B
07:48:59	8957.8709584998	0.07770890012867708	H
07:49:59	8960.2142368964	0.026158876450174208	H
07:50:59	8962.1779636878	0.02191606963273449	H
07:51:59	8968.0711031724	0.06575566239007666	H
07:52:59	8978.1488232558	0.11237332942013639	S
07:53:59	8976.2908639419	-0.020694236088931825	B
07:54:59	8977.3558014884	0.01186389303379082	H
07:55:59	8978.4352184819	0.012023774231169503	H
07:56:59	8978.9969494886	0.006256446619391186	S
07:57:59	8978.3776410588	-0.0068973008152805665	H
07:58:59	8977.8273486046	-0.006129085634393518	B
07:59:59	8979.1740760708	0.015000594396695847	H
08:00:59	8979.8755113276	0.007811801518244589	H
08:01:59	8980.1177626288	0.002697713357997907	S
08:02:59	8978.5438861642	-0.017526234134155372	H
08:03:59	8977.055875972	-0.016572956718427363	B
08:04:59	8977.2711645373	0.0023982090372828124	S
08:05:59	8977.142317857	-0.001435254410146482	H
08:06:59	8977.0683339454	-0.0008241365568231237	H
08:07:59	8976.9146919629	-0.0017114939620060266	H
08:08:59	8976.2352308978	-0.007568982088109377	H
08:09:59	8975.8485094868	-0.004308280710717712	H
08:10:59	8974.5193987359	-0.01480763350110741	B
08:11:59	8975.4286728885	0.010131730872721656	S
08:12:59	8974.3284327579	-0.01225835746344889	H
08:13:59	8973.0677962969	-0.014047139799325325	H
08:14:59	8972.4586628139	-0.00678846406633868	B
08:15:59	8972.6260419131	0.0018654764038392555	S
08:16:59	8970.3689136717	-0.025155715069987837	H
08:17:59	8969.906531371	-0.00515455167062046	B
08:18:59	8971.5353791541	0.01815902738120722	H
08:19:59	8972.2711329677	0.008200979904842247	H
08:20:59	8973.1155411602	0.009411309355067739	S
08:21:59	8971.4756019088	-0.018276141033479246	H
08:22:59	8969.0458942831	-0.027082586338236323	H
08:23:59	8967.5921797519	-0.01620812902881216	H
08:24:59	8966.4749530183	-0.012458491769096658	B
08:25:59	8969.3036179642	0.03154712371050945	S
08:26:59	8968.5869748057	-0.007989953167219108	H
08:27:59	8967.5109962472	-0.011997191547812787	B
08:28:59	8967.6336955388	0.0013682647464974085	H
08:29:59	8968.3345606168	0.007815496281359633	S
08:30:59	8968.282707316	-0.0005781820520786	H
08:31:59	8967.4370727995	-0.009429168817476496	H
08:32:59	8967.3181276003	-0.0013264124212290984	B
08:33:59	8967.5783682765	0.0029021015257487013	S
08:34:59	8967.5243192709	-0.0006027157319344604	H
08:35:59	8967.052260029	-0.00526409770515373	B
08:36:59	8967.6438561385	0.006597442418583825	S
08:37:59	8967.5673535915	-0.0008530952859881972	B
08:38:59	8967.5760718089	9.721942481556958e-05	S
08:39:59	8967.2654270498	-0.0034640883624779215	H
08:40:59	8966.9619541063	-0.0033842306327287073	B
08:41:59	8968.3230685399	0.015179214995730377	S
08:42:59	8967.833626887	-0.0054574489473466405	B
08:43:59	8968.3106750596	0.0053195475345219475	S
08:44:59	8967.6589486899	-0.00726699144703998	H
08:45:59	8967.0606328992	-0.0066719284723336355	H
08:46:59	8966.9698924879	-0.0010119303862796847	B
08:47:59	8967.1537204582	0.002050056736051147	H
08:48:59	8967.1905339185	0.00041053673715371353	S
08:49:59	8966.7692260471	-0.004698326301939604	H
08:50:59	8966.2252198279	-0.006066914464788088	B
08:51:59	8966.4304151512	0.0022885363491270553	H
08:52:59	8966.7543803466	0.0036130899410276164	S
08:53:59	8960.2907293984	-0.07208462141403055	B
08:54:59	8963.9003785724	0.040284955957466055	H
08:55:59	8967.4942763132	0.04009301296332373	H
08:56:59	8969.0986470328	0.01789095894756472	S
08:57:59	8968.1236250385	-0.010870902781545214	B
08:58:59	8969.0055969573	0.009834520081069352	H
08:59:59	8969.5317534957	0.005866386554351498	H
09:00:59	8969.7249514495	0.0021539357807060663	S
09:01:59	8967.9321179008	-0.019987608966869946	B
09:02:59	8968.1053148421	0.0019312918410003253	S
09:03:59	8967.6180985845	-0.005432766905547155	B
09:04:59	8968.4541633787	0.009323153428344765	H
09:05:59	8969.1969046999	0.008281709508352959	H
09:06:59	8969.692154475	0.005521673571917891	S
09:07:59	8969.4497035505	-0.0027030016228610496	B
09:08:59	8970.7088542465	0.01403821569458348	H
09:09:59	8970.9566165628	0.002761903438457951	H
09:10:59	8971.1675168942	0.002350923545996416	H
09:11:59	8971.225670706	0.0006482301405124037	S
09:12:59	8971.0225248175	-0.002264416211985146	B
09:13:59	8971.3759089507	0.0039391734021774795	H
09:14:59	8971.6833297618	0.0034266852065866393	S
09:15:59	8971.3778415736	-0.0034050264256038883	B
09:16:59	8971.4034944905	0.0002859417734162878	H
09:17:59	8971.8503726946	0.004981140402109813	S
09:18:59	8971.4795507675	-0.004133171104010974	B
09:19:59	8971.5083009519	0.0003204620178516922	S
09:20:59	8971.2505965869	-0.0028724753559280355	B
09:21:59	8971.4316120355	0.002017728148940011	H
09:22:59	8971.9227121193	0.005474043664795834	H
09:23:59	8972.3420917213	0.004674355937488691	H
09:24:59	8972.570585914	0.002546650477248015	H
09:25:59	8973.144128972	0.006392182179108472	H
09:26:59	8974.5157432977	0.015285771698130146	S
09:27:59	8974.325928576	-0.002115041380829495	B
09:28:59	8974.542125485	0.0024090601424753503	H
09:29:59	8975.0918481437	0.006125356046169961	H
09:30:59	8975.9364997917	0.009411064112670347	H
09:31:59	8976.1938939952	0.002867602767751495	S
09:32:59	8975.6645007388	-0.005897747560401372	H
09:33:59	8973.7374261926	-0.021469993068940204	H
09:34:59	8973.1805755206	-0.006205337258630512	H
09:35:59	8972.8283836648	-0.003924938909183473	B
09:36:59	8975.0093510224	0.024306353184793916	H
09:37:59	8975.9882564673	0.010907013091742223	H
09:38:59	8976.1762738345	0.0020946703786552112	H
09:39:59	8976.5743317403	0.004434604375575679	H
09:40:59	8977.5112893244	0.010437807892795426	H
09:41:59	8977.6405911498	0.0014402858568809997	H
09:42:59	8977.7135615243	0.000812801245039904	H
09:43:59	8978.3725941422	0.007340762359848125	S
09:44:59	8978.2561050478	-0.001297441080537201	B
09:45:59	8979.4429844602	0.013219487153334125	S
09:46:59	8979.3248580507	-0.0013155204582713136	H
09:47:59	8975.3347750975	-0.04443633587465522	H
09:48:59	8973.8614491813	-0.016415275342020128	H
09:49:59	8972.2840078451	-0.017578177968677455	H
09:50:59	8970.9640045997	-0.014712009163401572	H
09:51:59	8970.4235324068	-0.006024683552666824	H
09:52:59	8970.23271603	-0.002127172436295082	H
09:53:59	8966.235912959	-0.044556291876981305	H
09:54:59	8965.578705973	-0.007329798059979524	H
09:55:59	8965.4993240057	-0.0008854081805900381	B
09:56:59	8968.2351966388	0.030515563430749435	S
09:57:59	8967.4293128641	-0.008985979482356046	H
09:58:59	8966.7264064019	-0.007838438839900807	B
09:59:59	8966.9896548685	0.0029358369450330313	H
10:00:59	8967.3785742168	0.004337234270029846	H
10:01:59	8967.4530849809	0.0008309090943684348	H
10:02:59	8968.7576598208	0.01454788586610956	H
10:03:59	8968.9085947809	0.0016828970725377608	H
10:04:59	8970.0073352896	0.012250548626833105	S
10:05:59	8969.311025994	-0.007762639087929667	B
10:06:59	8969.8790640731	0.006333129461714199	S
10:07:59	8968.644253058	-0.013766194686453036	H
10:08:59	8968.1482254498	-0.005530686625584877	B
10:09:59	8969.7116034399	0.01743256189347348	H
10:10:59	8970.2874013814	0.006419358469435204	H
10:11:59	8974.5971880598	0.04804513484971843	H
10:12:59	8979.5241329809	0.054898786183448886	H
10:13:59	8987.6560506858	0.09056067542636383	H
10:14:59	8989.7974778329	0.023826313946859697	H
10:15:59	8998.1944681374	0.09340577833043819	S
10:16:59	8993.4112976895	-0.0531570023835169	B
10:17:59	8996.2006447117	0.031015450421102	H
10:18:59	8996.2481473445	0.000528029939264545	S
10:19:59	8995.0055140499	-0.013812794781194715	H
10:20:59	8994.8298835835	-0.0019525331710693807	H
10:21:59	8992.6817512032	-0.023881856667690597	H
10:22:59	8990.6221434884	-0.022903153606260464	H
10:23:59	8988.2117237082	-0.02681037798863253	H
10:24:59	8984.6765677106	-0.03933102719727874	B
10:25:59	8987.455009039	0.03092422200689981	H
10:26:59	8988.4338984152	0.010891730475593234	H
10:27:59	8991.5101841783	0.03422493615536518	H
10:28:59	8994.6945120954	0.03541482856466062	S
10:29:59	8994.0108410804	-0.00760082528740384	B
10:30:59	8996.4011330906	0.026576485757404157	H
10:31:59	8998.5729997247	0.024141505052634085	H
10:32:59	8999.9790670365	0.01562544763312094	H
10:33:59	9006.1966686921	0.06908462352288304	S
10:34:59	9002.0032042516	-0.04656199053567813	B
10:35:59	9004.5132521248	0.027883214616216557	S
10:36:59	9001.2695485577	-0.036023086159973475	B
10:37:59	9003.9194189236	0.02943885139318499	H
10:38:59	9004.5717072471	0.007244493127386137	H
10:39:59	9005.8618956252	0.014328148190116066	S
10:40:59	9002.4685124812	-0.03767971553780355	H
10:41:59	9000.9053094782	-0.017364159628370596	B
10:42:59	9001.3398078585	0.004827274205881764	H
10:43:59	9003.6820052772	0.026020542149242668	S
10:44:59	9002.5883938506	-0.01214626889265484	B
10:45:59	9003.8767654541	0.014311124169369633	H
10:46:59	9007.9310828085	0.04502857446866411	H
10:47:59	9009.9242261094	0.02212653807603435	H
10:48:59	9017.677558965	0.08605325262483456	H
10:49:59	9021.3505557442	0.040731072442796314	S
10:50:59	9018.5213515517	-0.03136120445622439	B
10:51:59	9020.2097604282	0.018721570983579603	H
10:52:59	9021.7830995844	0.017442378813641225	S
10:53:59	9018.6198899287	-0.03506191204980534	H
10:54:59	9017.3443274753	-0.014143654671850947	H
10:55:59	9016.3787378072	-0.010708137928807222	H
10:56:59	9015.6296680988	-0.008307877587911195	B
10:57:59	9015.8102033267	0.002002469428613543	S
10:58:59	9015.1695172186	-0.007106251059554907	B
10:59:59	9018.2895515938	0.0346087155570571	H
11:00:59	9026.4120026949	0.09006642617352029	S
11:01:59	9022.5989161165	-0.04224365758246044	H
11:02:59	9016.3423656935	-0.06934310702678924	H
11:03:59	9015.0378256816	-0.014468616640631166	H
11:04:59	9009.3928330406	-0.06261751475872147	H
11:05:59	9005.4318621222	-0.04396490409291839	B
11:06:59	9005.4971092749	0.0007245310796855065	S
11:07:59	9002.2433609033	-0.03613069142234732	H
11:08:59	9002.2002443252	-0.0004789537048783982	B
11:09:59	9006.4956381024	0.0477149325789288	H
11:10:59	9007.4459643192	0.010551564726014217	S
11:11:59	9006.2100507187	-0.013721021534800664	H
11:12:59	9005.4053326151	-0.00893514696046575	B
11:13:59	9005.7780670801	0.00413900819821763	S
11:14:59	9005.4173458103	-0.004005442584903283	B
11:15:59	9007.1182404488	0.018887460438383744	S
11:16:59	9001.247918983	-0.06517424673564824	H
11:17:59	9000.6412907993	-0.006739378685703673	H
11:18:59	8999.7486780172	-0.00991721315471218	B
11:19:59	9001.4991346852	0.0194500616697846	H
11:20:59	9004.5379901686	0.0337594375995596	H
11:21:59	9005.6867034231	0.012757048232290864	H
11:22:59	9005.8830978502	0.002180782360822869	H
11:23:59	9005.9864333749	0.0011474224523820634	S
11:24:59	8999.8219297799	-0.06844895493239816	H
11:25:59	8998.1321847927	-0.01877531578274894	B
11:26:59	8998.6571334557	0.00583397367608382	H
11:27:59	8999.7494362169	0.012138508501892756	H
11:28:59	9000.2944371786	0.00605573483531187	H
11:29:59	9003.9606784796	0.0407346818105785	H
11:30:59	9004.1682391947	0.0023052156990882432	S
11:31:59	9004.139834056	-0.0003154665477620244	B
11:32:59	9006.4646519072	0.025819432994648363	H
11:33:59	9007.7497824298	0.01426897869775332	H
11:34:59	9009.8332905419	0.02313017304457755	S
11:35:59	9007.7661687374	-0.022942952858728317	H
11:36:59	9005.8816451436	-0.02092109806692254	H
11:37:59	9004.6659309853	-0.01349911320403458	H
11:38:59	9003.7257814002	-0.010440693661546162	H
11:39:59	9000.6713198436	-0.03392441785500904	B
11:40:59	9003.1395102703	0.027422292615665204	S
11:41:59	9002.6228848573	-0.005738280656568846	B
11:42:59	9005.1856073054	0.028466397858472128	H
11:43:59	9006.0996618389	0.010150313090247885	S
11:44:59	9004.4600919826	-0.018205104516514203	H
11:45:59	9002.353017503	-0.023400342253475894	B
11:46:59	9003.0082455449	0.007278408663002945	S
11:47:59	9002.8715245269	-0.0015186148259646176	H
11:48:59	9002.8328541301	-0.00042953402916352877	B
11:49:59	9006.5457727776	0.04124167034597495	S
11:50:59	9006.4183253619	-0.001415053217017712	B
11:51:59	9007.661483798	0.01380302792064957	H
11:52:59	9009.1186678461	0.01617716263784269	H
11:53:59	9011.1496104034	0.02254318798738973	H
11:54:59	9012.3626750683	0.013461819161228256	H
11:55:59	9012.7764751332	0.0045914715132882936	H
11:56:59	9014.4512306138	0.01858201504521281	H
11:57:59	9017.2083076414	0.030585078970048446	H
11:58:59	9024.6236071117	0.08223498024345338	H
11:59:59	9026.3614036988	0.01925616693565648	H
12:00:59	9027.1704363743	0.008962998924102326	S
12:01:59	9020.7846831082	-0.07073925668189125	B
12:02:59	9020.7984168084	0.00015224507270917976	H
12:03:59	9024.3702736569	0.03959579500018081	S
12:04:59	9022.1448908254	-0.024659702162209828	H
12:05:59	9021.1455857457	-0.01107613645970592	H
12:06:59	9015.9274809413	-0.0578430394987248	H
12:07:59	9014.2882427526	-0.018181581342186535	B
12:08:59	9016.8367845878	0.028272246976892658	H
12:09:59	9017.9163335999	0.011972591252236039	S
12:10:59	9014.79204226	-0.034645379534729875	H
12:11:59	9010.6851527402	-0.045557229723636176	H
12:12:59	9008.0358342572	-0.029401964868276283	B
12:13:59	9008.4226911771	0.00429457572125889	H
12:14:59	9010.8338271856	0.02676535161766358	H
12:15:59	9011.4233862978	0.006542780873641655	S
12:16:59	9007.9658486763	-0.038368385029573786	B
12:17:59	9008.3933042901	0.00474530677604108	H
12:18:59	9011.7799688694	0.03759454616269722	S
12:19:59	9010.4872722525	-0.01434452040956737	B
12:20:59	9012.8254474522	0.025949486737533927	H
12:21:59	9014.7830075234	0.021719715782945712	H
12:22:59	9014.8150271381	0.00035519007694006865	H
12:23:59	9017.5361591941	0.030185112482156558	H
12:24:59	9020.6068258329	0.03405216884734977	H
12:25:59	9021.5395612272	0.010340051532117547	S
12:26:59	9020.887939436	-0.007222955536345402	H
12:27:59	9018.5037723558	-0.026429405799142054	H
12:28:59	9017.7394027023	-0.008475570591240138	H
12:29:59	9012.665262123	-0.056268432172469914	B
12:30:59	9016.2101383466	0.03933216335568399	H
12:31:59	9018.9485963525	0.030372606271162086	H
12:32:59	9022.1277931117	0.035250192694141654	H
12:33:59	9022.6904422117	0.006236323768655198	S
12:34:59	9020.9785025453	-0.018973716070220966	H
12:35:59	9020.4951283446	-0.00535833447073493	B
12:36:59	9023.2351819005	0.030375866478649812	H
12:37:59	9024.3961900508	0.012866872323457151	S
12:38:59	9024.3108104971	-0.000946097133840447	H
12:39:59	9020.505867419	-0.042163253881652596	H
12:40:59	9020.3885954355	-0.0013000599436982917	B
12:41:59	9022.0734890548	0.01867872543930808	H
12:42:59	9022.1847604385	0.0012333238455219087	H
12:43:59	9022.8289149697	0.007139673463833883	H
12:44:59	9024.0350271085	0.013367339114680786	H
12:45:59	9027.5265254197	0.03869109883451047	H
12:46:59	9044.3393417201	0.1862394561019432	H
12:47:59	9063.2379564909	0.2089551713702715	H
12:48:59	9070.4407144498	0.07947223711301676	H
12:49:59	9071.0485950998	0.006701776342934321	S
12:50:59	9065.087942254	-0.06571073656270214	H
12:51:59	9059.9160473733	-0.05705289252178268	B
12:52:59	9065.2134236856	0.05847047902651302	S
12:53:59	9064.9184653992	-0.0032537379167446893	B
12:54:59	9065.3960888436	0.005268921570810432	S
12:55:59	9062.9577881656	-0.02689679142646298	H
12:56:59	9059.4264882082	-0.03896410024121475	B
12:57:59	9059.9905590914	0.006226342075118607	S
12:58:59	9055.4251779331	-0.05039057302017281	B
12:59:59	9057.7617335568	0.025802826237165212	H
13:00:59	9064.4125973252	0.07342723251109881	S
13:01:59	9055.0606710288	-0.10317189554190963	H
13:02:59	9051.6752380156	-0.037387193042575526	B
13:03:59	9054.0864323446	0.02663810030296083	H
13:04:59	9054.1620804694	0.0008355136143697667	H
13:05:59	9055.7037781488	0.017027502552952517	H
13:06:59	9057.2326939349	0.016883456256485938	H
13:07:59	9060.0437495976	0.031036584326493016	H
13:08:59	9061.043457421	0.011034249403525789	S
13:09:59	9058.1148086309	-0.03232131932554045	B
13:10:59	9061.3676613639	0.03591092409096166	H
13:11:59	9062.3637032323	0.010992180271498916	S
13:12:59	9057.7493643998	-0.05091760807231909	H
13:13:59	9057.5043756337	-0.002704742163250825	H
13:14:59	9054.6038179054	-0.03202380708866751	H
13:15:59	9054.052485977	-0.006088967993384512	H
13:16:59	9047.9451295276	-0.06745439634748185	B
13:17:59	9051.9295136184	0.04403634232702017	H
13:18:59	9054.5593490015	0.02905276028877827	S
13:19:59	9054.2495517182	-0.00342145068974976	B
13:20:59	9054.7803307198	0.005862208663099947	H
13:21:59	9058.0837463875	0.0364825600074805	H
13:22:59	9059.2465538368	0.012837234473172482	H
13:23:59	9060.3494544124	0.012174307974141253	H
13:24:59	9062.3855777314	0.022472900512773012	S
13:25:59	9061.4192379894	-0.010663193854556344	H
13:26:59	9060.4585178963	-0.01060231369795681	H
13:27:59	9055.269111835	-0.05727531394852818	H
13:28:59	9054.4016923388	-0.009579168608748925	B
13:29:59	9054.4090454245	8.121006720019218e-05	H
13:30:59	9058.3526939629	0.04355500749540677	H
13:31:59	9060.2676304933	0.02114000851033763	S
13:32:59	9058.3845802975	-0.020783604553384464	B
13:33:59	9059.509084015	0.012413954249051683	H
13:34:59	9070.3540262859	0.1197078359360033	S
13:35:59	9068.4275545244	-0.021239212448793742	B
13:36:59	9070.0533779849	0.017928394429177003	H
13:37:59	9077.7470819146	0.08482534345801365	S
13:38:59	9075.3924949232	-0.025938010501422994	B
13:39:59	9076.389440418	0.010985150177871997	S
13:40:59	9074.3418431668	-0.02255960109073039	B
13:41:59	9074.5229825167	0.0019961706648450933	S
13:42:59	9073.9732602599	-0.006057863954503696	B
13:43:59	9074.4561805502	0.005322037837770083	H
13:44:59	9074.7217436187	0.0029264901743592977	S
13:45:59	9073.305641129	-0.015604913623892384	B
13:46:59	9075.0219841565	0.01891640263631599	S
13:47:59	9070.9458671324	-0.04491578126440404	H
13:48:59	9070.8351996911	-0.0012200209649532315	H
13:49:59	9067.7150331404	-0.034397786775000876	H
13:50:59	9066.8535257914	-0.009500820723297903	B
13:51:59	9072.3919225702	0.061083999681300634	H
13:52:59	9075.4904478442	0.034153344569391876	S
13:53:59	9073.907270991	-0.01744453219689941	B
13:54:59	9077.9675584876	0.04474684802633299	S
13:55:59	9070.0812995266	-0.08687251755627225	B
13:56:59	9073.3843968359	0.036417504983902615	H
13:57:59	9074.6713379119	0.014183693974745297	H
13:58:59	9077.7075551264	0.03345815073011876	H
13:59:59	9078.6693338588	0.010594951716147	H
14:00:59	9083.3393737203	0.05143969550784657	S
14:01:59	9082.7594860193	-0.006384080536260772	B
14:02:59	9084.2727951908	0.01666133705102601	S
14:03:59	9080.7240012915	-0.039065250233105336	H
14:04:59	9076.9961652148	-0.0410521900695491	H
14:05:59	9074.8869539398	-0.02323688626290625	H
14:06:59	9071.6928092382	-0.035197625246593395	H
14:07:59	9071.0151720641	-0.0074697985078344496	H
14:08:59	9069.7665123066	-0.013765380542479975	H
14:09:59	9069.1029657554	-0.00731602682713694	H
14:10:59	9066.8854703274	-0.024451099919968855	B
14:11:59	9067.34391597	0.0050562637423884884	S
14:12:59	9065.5514244338	-0.019768650586231527	B
14:13:59	9065.7081789213	0.0017291224787390183	S
14:14:59	9065.3597033015	-0.003843887459465788	H
14:15:59	9065.3195322699	-0.00044312672541178	H
14:16:59	9063.6542640146	-0.01836965866863911	H
14:17:59	9062.1077041339	-0.017063315034430922	H
14:18:59	9062.0131053978	-0.001043893310339507	H
14:19:59	9058.725448184	-0.036279546007750116	B
14:20:59	9061.1252240336	0.026491318931426314	H
14:21:59	9061.481422342	0.003931060432265937	H
14:22:59	9062.8406771985	0.015000360240743185	S
14:23:59	9061.9453837743	-0.009878728492395595	B
14:24:59	9063.5100283086	0.01726609980568436	H
14:25:59	9064.1309848983	0.006851171210283693	H
14:26:59	9064.9603212533	0.009149651040809935	H
14:27:59	9066.341687476	0.015238524756270785	H
14:28:59	9067.0464030717	0.007772877087484436	S
14:29:59	9065.9614954865	-0.011965391341028739	B
14:30:59	9068.7380561275	0.03062621259072754	S
14:31:59	9068.1362565602	-0.006635979158030336	H
14:32:59	9065.5496590008	-0.02852402617492171	B
14:33:59	9066.3552076643	0.008885822634047438	S
14:34:59	9065.5120306217	-0.00930006627016552	B
14:35:59	9067.3079870594	0.019810865968003695	H
14:36:59	9068.9702460457	0.01833244209496723	H
14:37:59	9070.1042344083	0.01250404766842215	H
14:38:59	9071.4049981006	0.014341220990215299	S
14:39:59	9070.8683105706	-0.005916255862362198	B
14:40:59	9071.7725665053	0.009968791341024574	S
14:41:59	9071.3480852549	-0.004679143434079704	B
14:42:59	9072.8942463028	0.01704444624292259	H
14:43:59	9073.5653749478	0.007397073379030595	H
14:44:59	9074.0075719143	0.004873464269303529	S
14:45:59	9073.9992355769	-9.187051403253694e-05	B
14:46:59	9074.4602456608	0.005080561193927128	S
14:47:59	9074.123513755	-0.003710765121954096	B
14:48:59	9074.715274198	0.006521406085165767	S
14:49:59	9066.114962034	-0.09477225349927734	H
14:50:59	9064.8395479074	-0.014067923602784645	H
14:51:59	9062.3769611855	-0.027166357538767855	H
14:52:59	9059.9074822475	-0.027249792726321647	B
14:53:59	9061.8852095126	0.021829442176712188	S
14:54:59	9059.3517605307	-0.027957195697427877	B
14:55:59	9060.0348459958	0.007540114162205553	S
14:56:59	9059.8819809136	-0.001687246073537031	H
14:57:59	9057.9101583237	-0.02176432975676316	B
14:58:59	9058.1206352578	0.0023236809641475086	S
14:59:59	9056.6952651054	-0.015735826556022046	B
15:00:59	9067.0598617432	0.1144412651017928	H
15:01:59	9067.3313418122	0.0029941356199115208	S
15:02:59	9065.0073215012	-0.02563069797927373	H
15:03:59	9062.9797044142	-0.02236751736748073	B
15:04:59	9067.32708429	0.047968549170236394	H
15:05:59	9070.0440424456	0.029964267642957818	H
15:06:59	9070.1554387553	0.0012281782666111539	H
15:07:59	9072.3021534604	0.02366789323065365	S
15:08:59	9069.9989158857	-0.02538757567526956	H
15:09:59	9067.7473688081	-0.0248241162813842	B
15:10:59	9068.2077692375	0.005077340718416886	H
15:11:59	9069.2805682522	0.011830331218679572	S
15:12:59	9067.9831230962	-0.014305932496347304	B
15:13:59	9070.4994458261	0.027749530361286454	H
15:14:59	9072.556500307	0.022678513936146366	S
15:15:59	9072.5010664548	-0.0006110058636486489	H
15:16:59	9072.2967692499	-0.002251828943351311	H
15:17:59	9072.2357296461	-0.0006728131293924893	H
15:18:59	9071.8316384472	-0.004454152327403354	H
15:19:59	9070.3322643748	-0.016527798708761733	H
15:20:59	9068.5272682802	-0.01989999971322477	H
15:21:59	9067.3439898027	-0.013048187897483167	H
15:22:59	9067.2107079957	-0.0014699101208727596	H
15:23:59	9064.1825214316	-0.033397112536830906	B
15:24:59	9064.7471288986	0.006228994900150579	H
15:25:59	9065.9592477101	0.01337178847091597	H
15:26:59	9066.3552585417	0.004368107342866465	H
15:27:59	9074.6705749752	0.09171619902789248	H
15:28:59	9075.6055900311	0.010303570230733685	S
15:29:59	9074.3799042983	-0.013505277643923473	B
15:30:59	9079.9436108798	0.06131225097668025	S
15:31:59	9077.9724234944	-0.021709246993973252	H
15:32:59	9074.3493859561	-0.03991020647874554	B
15:33:59	9074.4116710965	0.0006863868444043599	S
15:34:59	9074.1492035916	-0.0028923914234241645	H
15:35:59	9073.1730768644	-0.010757225887516281	H
15:36:59	9065.1449479399	-0.08848204323325785	B
15:37:59	9067.3939046479	0.024808833404391918	S
15:38:59	9065.0727920273	-0.025598453591067934	H
15:39:59	9060.0094967316	-0.05585498772997664	B
15:40:59	9062.0037970183	0.022012121371613937	S
15:41:59	9061.7098316525	-0.0032439333770335277	H
15:42:59	9060.4597134183	-0.013795610954497972	B
15:43:59	9060.6640790093	0.0022555763996997737	H
15:44:59	9061.0935402244	0.00473984259160187	H
15:45:59	9062.446079766	0.01492689083934217	S
15:46:59	9060.6469041835	-0.01985309006710444	H
15:47:59	9059.5046909201	-0.012606310294182056	H
15:48:59	9056.5255138799	-0.03288454658216364	H
15:49:59	9053.9685576595	-0.028233302235843874	H
15:50:59	9052.9534144309	-0.011212135563928102	H
15:51:59	9051.0463337471	-0.02106584002476831	B
15:52:59	9054.9117180569	0.04270649124165667	H
15:53:59	9055.765369435	0.00942749531613573	S
15:54:59	9051.0217233665	-0.05238260792963162	H
15:55:59	9050.5840624525	-0.004835486284051784	B
15:56:59	9052.6361190897	0.022673195708030933	H
15:57:59	9053.5599755686	0.010205386218398272	S
15:58:59	9050.3994608572	-0.03490908239332721	B
15:59:59	9053.7899900153	0.03746275700608925	H
16:00:59	9063.955502817	0.11227908768493504	S
16:01:59	9057.2836481324	-0.0736086434065891	H
16:02:59	9053.1446690694	-0.045697796644069234	H
16:03:59	9052.9314197507	-0.0023555275707524614	H
16:04:59	9051.3943861905	-0.016978296740931802	B
16:05:59	9052.7477534328	0.014952030422680625	S
16:06:59	9050.7560743243	-0.022000824089529206	B
16:07:59	9051.9282833787	0.012951504214395957	S
16:08:59	9050.6306482055	-0.014335455745736109	H
16:09:59	9049.444337033	-0.013107497351432993	H
16:10:59	9047.9294288873	-0.01674034437118947	B
16:11:59	9048.7954874963	0.009571898364216016	H
16:12:59	9054.5402192746	0.06348614891605067	H
16:13:59	9055.9700242115	0.01579102750966151	S
16:14:59	9054.4169277568	-0.017149973448978218	H
16:15:59	9053.2833363798	-0.012519761195498049	H
16:16:59	9049.7317862468	-0.03922941546220694	H
16:17:59	9048.4413251307	-0.014259661463804942	B
16:18:59	9051.0209074262	0.028508581785640582	S
16:19:59	9049.5646402729	-0.01608953474083259	B
16:20:59	9050.6177173967	0.01163677111177745	H
16:21:59	9050.6838681149	0.0007308972742520309	S
16:22:59	9046.7922488544	-0.042998068623402705	B
16:23:59	9047.3532145356	0.0062007136426771884	H
16:24:59	9048.6020250574	0.013803048164335405	S
16:25:59	9048.5690345454	-0.00036459236364230237	H
16:26:59	9030.8418259344	-0.19591173525142055	H
16:27:59	9025.3767172404	-0.060516049326707066	B
16:28:59	9030.2738809589	0.05425993697464175	H
16:29:59	9030.6533058458	0.004201698552042125	H
16:30:59	9032.7048679018	0.022717759020512183	H
16:31:59	9033.2422092336	0.0059488418990505994	H
16:32:59	9036.0335905376	0.030901211761445082	H
16:33:59	9037.9188872431	0.02086420647522971	H
16:34:59	9038.2682806773	0.0038658615833763463	S
16:35:59	9034.7431087204	-0.039002736447147565	H
16:36:59	9034.2215449635	-0.005772867591514645	B
16:37:59	9035.5298461793	0.014481615369835051	S
16:38:59	9030.0485337263	-0.06066398480570343	B
16:39:59	9033.9207892068	0.0428818900146367	H
16:40:59	9038.8812360255	0.054909124558911726	H
16:41:59	9043.6439314535	0.05269120484754353	S
16:42:59	9043.5478203328	-0.0010627477312050851	B
16:43:59	9044.4169692021	0.009610706843901851	S
16:44:59	9040.7205916952	-0.040869162926550726	B
16:45:59	9044.4494519073	0.04124516596082184	S
16:46:59	9043.601182788	-0.009378891703810987	B
16:47:59	9044.9402748636	0.014807066881162277	H
16:48:59	9045.4904620864	0.006082817642573621	H
16:49:59	9048.3314476959	0.03140775639981307	H
16:50:59	9048.6856907052	0.003915009207476235	H
16:51:59	9049.5719830385	0.009794707912225671	H
16:52:59	9049.9844265207	0.0045576020940198475	H
16:53:59	9050.8610731304	0.009686719538780813	H
16:54:59	9051.6081908988	0.008254659555189997	H
16:55:59	9051.8677858884	0.0028679432883693566	H
16:56:59	9053.2812001587	0.01561461461582587	S
16:57:59	9052.906875873	-0.004134680867897392	H
16:58:59	9049.3606725352	-0.03917198515817926	B
16:59:59	9051.9094518866	0.028165297457265034	H
17:00:59	9056.1528786487	0.04687880258473913	S
17:01:59	9054.8863374105	-0.013985422454444441	B
17:02:59	9055.2021961299	0.0034882681861433344	H
17:03:59	9055.3830579113	0.0019973246039462207	S
17:04:59	9055.1293967504	-0.002801219553906584	B
17:05:59	9055.5087777395	0.0041896804835897	H
17:06:59	9055.8654396983	0.003938618663556358	S
17:07:59	9053.3102362146	-0.028216005424493422	H
17:08:59	9051.377817918	-0.021344881001308418	H
17:09:59	9049.7932367773	-0.0175065185939406	B
17:10:59	9053.4087427041	0.039951254489520624	H
17:11:59	9054.6587044187	0.013806531331171167	S
17:12:59	9054.590989204	-0.0007478494431486005	H
17:13:59	9054.5451528236	-0.0005062225389724957	H
17:14:59	9054.253224892	-0.003224103769696907	B
17:15:59	9054.6570444555	0.004459998560567197	S
17:16:59	9051.2002476801	-0.03817700392656972	B
17:17:59	9052.8221906783	0.0179196455035344	S
17:18:59	9051.6465783912	-0.012986141363847984	B
17:19:59	9052.1771423448	0.005861518664091439	H
17:20:59	9055.8936523205	0.04105653167471937	H
17:21:59	9056.2848229893	0.00431951482448247	S
17:22:59	9055.3139889855	-0.010720002989934401	H
17:23:59	9054.9292598636	-0.004248655787827652	H
17:24:59	9054.5089863267	-0.004641378467337068	B
17:25:59	9057.0845774946	0.02844539854991935	H
17:26:59	9060.189432065	0.034280949281589465	H
17:27:59	9060.8177313627	0.006934725840011621	S
17:28:59	9058.353776102	-0.02719351976557079	B
17:29:59	9059.2673043736	0.01008492596093798	H
17:30:59	9060.0934967437	0.009119858619275528	S
17:31:59	9058.1903428676	-0.021005896647589804	H
17:32:59	9057.264596452	-0.010219992962819459	H
17:33:59	9057.1051627867	-0.0017602849469826112	H
17:34:59	9056.8780294947	-0.002507791263527596	H
17:35:59	9054.8483245103	-0.02241064722070239	H
17:36:59	9053.7210868819	-0.012448995146040295	H
17:37:59	9052.6953234345	-0.011329744284770848	H
17:38:59	9050.242255684	-0.02709765062070134	H
17:39:59	9047.739247233	-0.02765681161106932	H
17:40:59	9044.2783429975	-0.03825159126416133	H
17:41:59	9043.3368936483	-0.010409336306299385	B
17:42:59	9044.9501142778	0.017838776200338614	H
17:43:59	9045.1978929434	0.0027394143966460644	H
17:44:59	9048.3066284928	0.03436890586800048	S
17:45:59	9046.6937067223	-0.017825675418880534	B
17:46:59	9046.946197021	0.0027909676936582217	H
17:47:59	9049.5960158888	0.0292896499005624	H
17:48:59	9054.1446774698	0.050263697661356264	S
17:49:59	9049.7808814019	-0.04819666819282975	H
17:50:59	9048.8088906974	-0.010740488827719408	B
17:51:59	9048.8930422091	0.0009299733557809046	S
17:52:59	9048.1365141276	-0.008360448929729187	H
17:53:59	9047.6074813536	-0.0058468699402838145	B
17:54:59	9048.1547623205	0.0060489026301016454	S
17:55:59	9047.7976203286	-0.003947125146312113	B
17:56:59	9053.7273918911	0.06553828689953003	S
17:57:59	9052.2035901606	-0.016830656198736832	B
17:58:59	9054.2345581958	0.022436172750332176	H
17:59:59	9055.3095965861	0.011873321630777532	H
18:00:59	9059.3491568893	0.044609853038311116	S
18:01:59	9059.2261174177	-0.001358149128260315	B
18:02:59	9059.3714262241	0.0016039869688169708	S
18:03:59	9057.8529607034	-0.016761267965059622	H
18:04:59	9057.3632736975	-0.0054062150050854406	B
18:05:59	9058.8258365566	0.0161477773928698	H
18:06:59	9060.2691221761	0.015932369664019175	S
18:07:59	9060.1703530776	-0.001090134268291444	B
18:08:59	9066.8497866646	0.07372304633026076	S
18:09:59	9065.6780257887	-0.012923572171918671	H
18:10:59	9065.6226883933	-0.0006104054792522768	B
18:11:59	9067.6436844714	0.022292964836146466	S
18:12:59	9067.268137495	-0.004141615942002756	B
18:13:59	9109.7466814561	0.4684822740097567	H
18:14:59	9130.738058255	0.23042766756215483	H
18:15:59	9134.0404661233	0.036168027680034236	S
18:16:59	9126.7700861685	-0.07959653760857031	H
18:17:59	9122.3805272057	-0.04809542610756971	B
18:18:59	9137.4945236378	0.16568039874050927	S
18:19:59	9133.2073582315	-0.0469183909791644	B
18:20:59	9146.4690391989	0.14520288927249253	H
18:21:59	9150.9221815793	0.04868701092536718	S
18:22:59	9144.3519078945	-0.07179903352284496	H
18:23:59	9136.2178225669	-0.08895201551219133	H
18:24:59	9136.2130663017	-5.205945493202141e-05	H
18:25:59	9133.0760221359	-0.034336372663755055	H
18:26:59	9132.3350209104	-0.00811338068033673	B
18:27:59	9136.1360056121	0.04162117019357034	H
18:28:59	9136.32413166	0.0020591423746845216	S
18:29:59	9135.3317790186	-0.010861618163935775	B
18:30:59	9144.9977880272	0.10580906356133546	S
18:31:59	9143.9076018612	-0.01192112006224554	H
18:32:59	9135.197550572	-0.09525524172429779	H
18:33:59	9134.8937004072	-0.0033261477173162288	B
18:34:59	9136.2337732469	0.014669824123308804	H
18:35:59	9139.9201247792	0.04034869973549471	H
18:36:59	9148.332072961	0.0920352483058812	H
18:37:59	9150.3261882645	0.021797583292735512	S
18:38:59	9142.6024483242	-0.08440944925226918	H
18:39:59	9138.7988092525	-0.04160346130327326	B
18:40:59	9147.2107982759	0.09204698778229835	H
18:41:59	9147.4271714406	0.002365455103980682	S
18:42:59	9139.8065204112	-0.08330922877628599	B
18:43:59	9147.6757187843	0.0860980848503198	H
18:44:59	9150.3594406852	0.029337746367531684	S
18:45:59	9143.9081483341	-0.07050315774937455	H
18:46:59	9142.1288457982	-0.019458884615160262	B
18:47:59	9147.2631439977	0.05616086019024008	H
18:48:59	9163.8504952899	0.18133676741425267	S
18:49:59	9163.0905942799	-0.008292376773178785	H
18:50:59	9159.7423611693	-0.036540434432578685	B
18:51:59	9164.7533776555	0.054706958870840885	H
18:52:59	9167.090774108	0.02550419368838307	H
18:53:59	9170.2207668908	0.034143796106403924	S
18:54:59	9169.4961688963	-0.007901641769806057	H
18:55:59	9163.6098879924	-0.06419415849550027	H
18:56:59	9158.9752208579	-0.05057687080910162	B
18:57:59	9159.6810072941	0.007705954205379644	H
18:58:59	9163.6923641165	0.04379363014066087	S
18:59:59	9157.8772207603	-0.06345851786743635	B
19:00:59	9159.2870382021	0.01539458771737592	S
19:01:59	9154.8264842233	-0.048699794647712805	B
19:02:59	9157.660793154	0.03095972310981986	S
19:03:59	9151.153919002	-0.07105388918603721	B
19:04:59	9153.8061476411	0.028982450328954638	S
19:05:59	9148.7004048496	-0.055777265862419025	B
19:06:59	9148.7037939767	3.704490200361591e-05	S
19:07:59	9146.5064765274	-0.024017800759340943	H
19:08:59	9146.3314838362	-0.001913218906572545	H
19:09:59	9145.0461281548	-0.01405323745014299	B
19:10:59	9150.6180292331	0.060928080626574226	S
19:11:59	9144.9088902029	-0.062390747946866734	B
19:12:59	9146.8624184739	0.02136192163809496	H
19:13:59	9150.8909165776	0.04404240404407864	S
19:14:59	9147.753252329	-0.0342880739941616	B
19:15:59	9150.4519268604	0.029500954572792035	H
19:16:59	9151.3446829816	0.009756415621175513	S
19:17:59	9148.4888569907	-0.031206626892890978	H
19:18:59	9145.8801546459	-0.02851511747545594	H
19:19:59	9142.4525997182	-0.03747649072307054	B
19:20:59	9145.3861470467	0.032087093660070364	H
19:21:59	9146.6661666973	0.01399634340221844	S
19:22:59	9145.3510734093	-0.01437784285588178	H
19:23:59	9144.8089877439	-0.005927445114449003	H
19:24:59	9144.1410416547	-0.007304101048959848	B
19:25:59	9144.9634660818	0.008994004175485066	S
19:26:59	9144.3355734759	-0.006865993595571431	H
19:27:59	9141.4504988094	-0.031550402359135074	H
19:28:59	9139.6773726577	-0.019396551476497752	B
19:29:59	9140.1840861004	0.005544106449717176	H
19:30:59	9146.4348067278	0.06838725094066676	S
19:31:59	9141.7816053337	-0.05087448270749912	B
19:32:59	9145.0882211075	0.03617036499616248	S
19:33:59	9144.0912580629	-0.01090162304066303	B
19:34:59	9145.5867815938	0.01635508098830555	H
19:35:59	9147.9633654457	0.025986127611651984	H
19:36:59	9153.0604435617	0.055718173678463885	H
19:37:59	9153.2710928174	0.002301407895188847	H
19:38:59	9153.3663153621	0.001040311640880579	H
19:39:59	9154.6960594323	0.014527377408343435	H
19:40:59	9155.2091801158	0.0056049996653985785	S
19:41:59	9154.0710249253	-0.012431777014681799	H
19:42:59	9150.5591401142	-0.03836418574357892	H
19:43:59	9147.6108180044	-0.03222013064617002	B
19:44:59	9150.5876230695	0.032541885792092086	S
19:45:59	9150.1533212999	-0.004746162623526729	H
19:46:59	9149.3605173385	-0.00866437898427709	B
19:47:59	9150.7958480275	0.01568777059641327	S
19:48:59	9149.1994352525	-0.017445616769425826	H
19:49:59	9149.1965528597	-3.150431708181405e-05	B
19:50:59	9149.7546338896	0.006099781840703282	S
19:51:59	9146.852067124	-0.03172289183416795	H
19:52:59	9144.6498771973	-0.024075932468781917	H
19:53:59	9144.2657762924	-0.004200280055104549	B
19:54:59	9147.3735504947	0.03398604413224804	H
19:55:59	9147.5287047005	0.001696161252670269	H
19:56:59	9157.765108222	0.11190348619774838	S
19:57:59	9154.6625335657	-0.03387916833020282	B
19:58:59	9156.0849467568	0.015537581924886076	H
19:59:59	9159.8419174323	0.04103250130757072	S
20:00:59	9154.9478378407	-0.05342973858846294	B
20:01:59	9163.6497450614	0.09505141236012572	S
20:02:59	9156.5687123425	-0.07727306167193099	B
20:03:59	9163.9818144905	0.08095938971121658	S
20:04:59	9162.0822640853	-0.020728439270758202	H
20:05:59	9158.1609686949	-0.042799172473837035	H
20:06:59	9156.851332893	-0.014300205099866332	B
20:07:59	9158.3074067613	0.015901468915072988	H
20:08:59	9158.6836692516	0.004108428267250608	S
20:09:59	9158.4727183374	-0.0023032885709247217	B
20:10:59	9168.9523040256	0.11442503581649006	H
20:11:59	9178.3333925453	0.1023136363745853	H
20:12:59	9183.0949568685	0.05187831079513598	H
20:13:59	9184.3867174742	0.014066723819898413	S
20:14:59	9180.7005624883	-0.04013501499111701	H
20:15:59	9177.4440762119	-0.035470999780854356	H
20:16:59	9176.4895978054	-0.010400263935948733	H
20:17:59	9170.6383373861	-0.06376360324865075	B
20:18:59	9173.4230560249	0.030365592190528753	S
20:19:59	9173.4119572425	-0.00012098845034560394	B
20:20:59	9177.7704513217	0.04751224625596137	S
20:21:59	9175.1021526754	-0.029073495141904625	B
20:22:59	9177.8819414569	0.03029708808953991	H
20:23:59	9184.9667154377	0.07719399776540319	H
20:24:59	9186.4154206368	0.01577256885063157	S
20:25:59	9186.0217403432	-0.004285461472993049	H
20:26:59	9180.0713036813	-0.06477708011257109	H
20:27:59	9175.5445911116	-0.04931021143467481	B
20:28:59	9179.5757227513	0.04393343195787077	H
20:29:59	9180.7166156403	0.012428601532987187	S
20:30:59	9176.0785118259	-0.050520062960002526	H
20:31:59	9173.9185233693	-0.023539341493370763	H
20:32:59	9173.7531243038	-0.0018029271251973913	H
20:33:59	9172.5566216262	-0.013042673607924384	H
20:34:59	9170.0201736815	-0.02765257331548796	H
20:35:59	9160.7884793447	-0.10067256300368903	H
20:36:59	9154.3634674936	-0.07013601357116636	H
20:37:59	9152.8630087178	-0.016390640169875525	H
20:38:59	9151.2277472108	-0.01786612020133342	H
20:39:59	9150.1518401216	-0.011756969872462174	B
20:40:59	9151.745567953	0.017417501471520276	S
20:41:59	9149.1430859001	-0.028437001811034743	H
20:42:59	9145.7976455015	-0.03656561458477422	H
20:43:59	9143.6678080891	-0.023287606996722245	B
20:44:59	9144.5242139254	0.009366108374400951	H
20:45:59	9149.0677949996	0.0496863583922835	H
20:46:59	9150.422974559	0.014812214640491273	S
20:47:59	9149.6911064668	-0.007998188654608579	H
20:48:59	9144.8926398995	-0.052444028016507334	B
20:49:59	9145.3447224611	0.004943552422120122	S
20:50:59	9144.7472623497	-0.006532942491865421	B
20:51:59	9144.7847629232	0.000410077746542361	S
20:52:59	9143.7119891152	-0.011730990239922277	B
20:53:59	9145.5757853951	0.020383365990955964	H
20:54:59	9146.1135215839	0.0058797412149723715	S
20:55:59	9144.5410104826	-0.017193216524033484	B
20:56:59	9146.3403585726	0.019676745808630176	H
20:57:59	9147.1757597946	0.009133721130524712	H
20:58:59	9148.1265477569	0.010394333587409694	H
20:59:59	9148.3814724945	0.0027866332660588947	S
21:00:59	9146.1968800586	-0.02387955118037658	H
21:01:59	9141.4971289655	-0.05138475756351212	H
21:02:59	9140.0905340987	-0.015386920183394732	H
21:03:59	9137.117632495	-0.032525953573534216	H
21:04:59	9128.1440679987	-0.09821001389305835	B
21:05:59	9131.9165195642	0.041327695283912835	S
21:06:59	9128.3419817173	-0.03914334783111491	B
21:07:59	9130.3539745785	0.022041164378262663	H
21:08:59	9133.9199971917	0.03905678381286446	S
21:09:59	9133.706518149	-0.002337211654650126	B
21:10:59	9136.7723456028	0.0335660823752997	S
21:11:59	9134.1910306214	-0.028251934969602006	B
21:12:59	9136.5545650394	0.02587568411999161	S
21:13:59	9134.0941185888	-0.02692969689048842	B
21:14:59	9136.7080672777	0.028617492385797694	S
21:15:59	9135.8879477668	-0.00897609406868011	B
21:16:59	9138.0458284554	0.023619824377644694	H
21:17:59	9141.6789908895	0.03975863660900678	H
21:18:59	9142.7752092006	0.011991432998152628	S
21:19:59	9140.1137694408	-0.02910975823971255	B
21:20:59	9140.686975661	0.00627132478498425	H
21:21:59	9142.2584943198	0.017192566193163745	S
21:22:59	9141.0905404018	-0.012775332470921554	H
21:23:59	9139.4155670511	-0.018323561541104056	H
21:24:59	9135.0954759107	-0.047268789877272406	H
21:25:59	9133.6992573021	-0.015284116211842686	B
21:26:59	9135.0283018762	0.014550999947123059	H
21:27:59	9140.204280229	0.056660780697707365	S
21:28:59	9138.3308005895	-0.020497130939979475	H
21:29:59	9137.8781426987	-0.004953397952826853	B
21:30:59	9141.7217853944	0.04206274843761981	H
21:31:59	9143.2679692344	0.016913486062011977	H
21:32:59	9143.6855875027	0.00456749457309824	S
21:33:59	9143.1879139956	-0.00544281080464686	B
21:34:59	9146.7235996253	0.03867016256209926	S
21:35:59	9145.7428610422	-0.010722293862045616	H
21:36:59	9145.5931730149	-0.0016366962156407025	H
21:37:59	9142.1691430132	-0.03743912436214493	B
21:38:59	9143.972987635	0.019731035311004876	H
21:39:59	9145.5270996442	0.016996025811775818	H
21:40:59	9145.9693358034	0.004835545883601965	S
21:41:59	9145.0639679737	-0.009899091025335824	B
21:42:59	9146.6925965353	0.017808826349428975	H
21:43:59	9148.8750445433	0.023860515535704983	S
21:44:59	9147.5577386194	-0.014398556297754364	B
21:45:59	9147.8846495846	0.0035737513174586765	S
21:46:59	9146.7160682369	-0.012774334094306632	B
21:47:59	9147.0646027728	0.003810488193798076	S
21:48:59	9144.0273329098	-0.03320485855188109	H
21:49:59	9143.9401632044	-0.0009532966408256776	B
21:50:59	9144.7660202296	0.009031741355038357	H
21:51:59	9145.7347210807	0.010592953925316798	H
21:52:59	9146.6322471063	0.00981360221973763	H
21:53:59	9150.1896447619	0.038892977868724296	H
21:54:59	9153.4855986758	0.036020607679820134	S
21:55:59	9151.2861052626	-0.024029025768261235	B
21:56:59	9151.8377963887	0.006028563851620112	H
21:57:59	9154.7669282318	0.032005941410547946	H
21:58:59	9155.1684708056	0.004386158347314384	H
21:59:59	9156.0785012573	0.009940073244982712	S
22:00:59	9155.1033580039	-0.010650228187378824	H
22:01:59	9154.7067681308	-0.004331899461884173	B
22:02:59	9156.6376417464	0.021091594351461303	H
22:03:59	9157.4366618903	0.008726130433050979	S
22:04:59	9157.2156719462	-0.0024132292939585656	H
22:05:59	9156.9471268508	-0.0029326064277620865	H
22:06:59	9152.8074466165	-0.04520808274803598	B
22:07:59	9154.1669973685	0.014853920613209686	H
22:08:59	9157.6580436429	0.038136143631667944	H
22:09:59	9159.0591226279	0.015299533770782362	H
22:10:59	9159.6451300084	0.00639811767404997	H
22:11:59	9160.3415520761	0.007603155556940048	S
22:12:59	9160.1249339987	-0.002364737997670899	H
22:13:59	9157.6599828302	-0.02690958023237527	B
22:14:59	9158.8945768136	0.013481544256002271	S
22:15:59	9155.0854581495	-0.04158928386120496	B
22:16:59	9155.8289498538	0.008121078800388518	H
22:17:59	9156.5574005428	0.007956141306163187	H
22:18:59	9157.9163832425	0.014841633599314532	S
22:19:59	9156.7529971803	-0.012703610881721124	B
22:20:59	9157.1605385069	0.004450718794375435	H
22:21:59	9159.0202328318	0.02030863516129524	H
22:22:59	9159.1980865072	0.0019418417131929619	S
22:23:59	9158.900607542	-0.003247871291680789	B
22:24:59	9159.649336689	0.008174880142100042	H
22:25:59	9160.8372421559	0.012968896769232467	H
22:26:59	9162.5796449998	0.019020126630804834	H
22:27:59	9164.74255836	0.023605943347847252	H
22:28:59	9165.377070903	0.006923408256798264	S
22:29:59	9164.1023602678	-0.013907890808406126	H
22:30:59	9164.0729849891	-0.0003205472565161721	H
22:31:59	9162.3546058329	-0.01875126004577773	B
22:32:59	9163.2499410538	0.00977189008086389	H
22:33:59	9163.4757763042	0.0024645759075908103	H
22:34:59	9164.2326471554	0.008259648081986436	H
22:35:59	9164.5505937058	0.003469429057965148	S
22:36:59	9162.5265707845	-0.0220853483278434	H
22:37:59	9156.1539886585	-0.06955048999605705	H
22:38:59	9155.1419511234	-0.011053085567951272	H
22:39:59	9150.6821377312	-0.04871375469663598	B
22:40:59	9153.1605784241	0.02708476434428757	S
22:41:59	9151.363829781	-0.019629816692345998	H
22:42:59	9150.7749266217	-0.006435140928210201	H
22:43:59	9150.5559986903	-0.002392452367743795	H
22:44:59	9148.4494715837	-0.023020755316960764	B
22:45:59	9151.6642170532	0.03513978493824656	S
22:46:59	9150.8787380744	-0.008582908640115326	H
22:47:59	9150.3150039845	-0.006160436675373585	B
22:48:59	9151.0954207705	0.00852885158226406	H
22:49:59	9151.8416663004	0.008154712584541675	H
22:50:59	9153.5114458092	0.018245284060661185	H
22:51:59	9153.8579990489	0.0037860141624560285	S
22:52:59	9153.4864614558	-0.004058808790120921	H
22:53:59	9149.1227543324	-0.047672623341651135	B
22:54:59	9153.3429550801	0.046126834900106495	H
22:55:59	9154.3222015334	0.010698238426177828	S
22:56:59	9151.9169595471	-0.026274386386544342	B
22:57:59	9152.0007998895	0.0009160959695222637	H
22:58:59	9153.6152865319	0.01764080530259181	H
22:59:59	9154.0351350114	0.004586695708278744	H
23:00:59	9157.7242076631	0.04029996168126864	H
23:01:59	9158.0987005131	0.0040893658894712295	H
23:02:59	9158.4651252108	0.004001100115681931	S
23:03:59	9157.3801964413	-0.01184618551981511	B
23:04:59	9157.905247213	0.005733635171170816	H
23:05:59	9160.2477060407	0.0255785440498224	H
23:06:59	9163.384308217	0.03424145587495588	H
23:07:59	9165.1958475132	0.019769325778190905	H
23:08:59	9167.2552637755	0.022469964598289843	S
23:09:59	9165.2684947347	-0.021672452480404416	B
23:10:59	9166.976002723	0.018630201496886892	S
23:11:59	9165.2199797993	-0.019155967280583774	H
23:12:59	9159.596319147	-0.06135870895291868	H
23:13:59	9158.1849249443	-0.015408912724127314	B
23:14:59	9163.3747338054	0.05666853097674513	S
23:15:59	9159.6244206555	-0.040927204865518964	B
23:16:59	9160.2955313938	0.0073268368601057034	H
23:17:59	9162.6338160249	0.02552630123215995	H
23:18:59	9163.0642081954	0.004697253858893874	S
23:19:59	9162.8366243691	-0.002483708736820826	B
23:20:59	9163.9648744079	0.012313327030190287	H
23:21:59	9165.3347259035	0.014948240356366639	S
23:22:59	9164.0546193296	-0.01396682840488645	H
23:23:59	9162.7145316917	-0.014623304787745841	B
23:24:59	9163.198966535	0.005287023202832257	S
23:25:59	9163.1318459523	-0.0007325016399135225	H
23:26:59	9158.2700015334	-0.053058763102367824	B
23:27:59	9159.468069138	0.013081811350832785	H
23:28:59	9163.2685586889	0.041492470110853316	H
23:29:59	9164.2139531246	0.010317218464613774	S
23:30:59	9160.7957227692	-0.037299765947012294	H
23:31:59	9156.7940540434	-0.0436825451292953	H
23:32:59	9152.0255149327	-0.052076513707253004	H
23:33:59	9151.5144209207	-0.0055844906809676105	H
23:34:59	9150.4102623563	-0.012065309779500764	H
23:35:59	9150.2184332632	-0.002096398823647215	H
23:36:59	9142.3003218603	-0.08653467084584056	H
23:37:59	9139.7085849117	-0.028348849385360062	B
23:38:59	9143.0084953118	0.0361052036773761	H
23:39:59	9145.725519371	0.029716958707777668	S
23:40:59	9143.3617914682	-0.0258451655671743	B
23:41:59	9143.6049587295	0.002659495127132444	S
23:42:59	9142.4207946806	-0.012950735013651207	H
23:43:59	9139.7310385616	-0.029420611667370058	H
23:44:59	9139.2305808159	-0.0054756288077709245	H
23:45:59	9136.8155261909	-0.026425141631393916	H
23:46:59	9134.5050392981	-0.025287660522172756	H
23:47:59	9125.6141425287	-0.09733309830306834	B
23:48:59	9128.4723606256	0.03132083005327213	S
23:49:59	9128.211621291	-0.0028563304384148815	H
23:50:59	9124.5901144024	-0.039673783199267024	B
23:51:59	9126.9732475775	0.02611770112653239	H
23:52:59	9134.0394181862	0.07742074417249895	H
23:53:59	9134.1368323148	0.001066495601131533	S
23:54:59	9130.4642229035	-0.040207514718928826	B
23:55:59	9133.3552277353	0.031663284157527984	H
23:56:59	9138.6124145876	0.0575603020052962	H
23:57:59	9139.2501236087	0.006978182159044733	S
23:58:59	9111.0777921356	-0.3082564881370688	H
